Заголовок;Отрасль;Текст кейса;Заказчик;Исполнитель;
Предиктивная аналитика: инструкция по применению ИИ при прогнозировании;Торговля;"Представьте ситуацию: крупный производитель регулярно сталкивается с проблемой при продажах скоропортящихся продуктов питания. Их доставляют в торговые точки в согласованных объёмах, но часто та или иная часть товара остаётся нераспроданной и идёт под списание. При сокращении поставок продукции на полке не хватает. В итоге компания постоянно теряет часть дохода.
Как исправить ситуацию? С помощью прогнозной аналитики на основе ИИ. Вместе с экспертами из Сбер Бизнес Софт разбираемся, как её внедрить и от чего зависит точность прогнозирования.
Предиктивная (прогнозная, предсказательная) аналитика на основе ИИ — технология, которая с помощью накопленных данных, машинного обучения и искусственного интеллекта проводит анализ и строит прогнозы. Этот инструмент востребован практически во всех сферах, например:
ретейл — для прогнозирования спроса и распределения товаров;
промышленность — для снижения времени простоя оборудования;
логистика — для расчёта времени доставки грузов;
финансовая сфера — для расчёта платежей по кредитам.
По прогнозам Reports Insights Consulting, глобальный рынок предиктивной аналитики до 2030 года вырастет в 3,2 раза по сравнению с 2022 годом — до 44,3 млрд долларов.
«Прогнозирование нужно всем, однако его окупаемость зависит от оборотов компании, — отмечают эксперты Сбер Бизнес Софт.  Чаще всего к нам обращается средний, крупный и крупнейший бизнес».
От чего зависит точность прогнозов с применением ИИ?
Основные факторы:
качество, состав и глубина данных компании;
качество данных из открытых источников по рынку и конкурентам;
горизонт и детализация прогнозирования;
используемая модель прогнозирования;
количество параметров, которые модель учитывает при анализе;
глобальные внешние факторы.
Кейс: прогнозирование с помощью ИИ в «Абрау-Дюрсо»
Сбер Бизнес Софт разработал для компании инновационную ИИ-модель для долгосрочного годового планирования продаж и краткосрочного планирования на 10 недель.
Внедрение было разбито на три основных этапа:
разработка ИИ-модели по предиктивной аналитике спроса для отдельной товарной группы на основе внутренних данных компании;
создание ИИ-моделей прогнозирования спроса на весь ассортимент компании;
улучшение всех реализованных прогнозных моделей за счёт расширения используемых ими параметров (сведения о динамике рынка, обезличенные данные о поведении покупателей и так далее).
По итогам реализации первого этапа ИИ-модель показала результаты, превзошедшие ожидания производителя. По оценкам экспертов компании, итоговая система позволит в два раза улучшить качество как долгосрочных, так и краткосрочных прогнозов на продукцию, что существенно снизит издержки хранения и списания испорченных товаров и повысит прибыльность бизнеса.
Компаниям, только начинающим внедрять у себя инструменты прогнозной аналитики, стоит обратить внимание на три аспекта.
Культура данных. Предиктивная аналитика основывается на исторических данных, которые есть у компании и на открытом рынке. Точность прогноза напрямую зависит от умения их собирать, хранить и анализировать. Например, если ID-номер в системе принадлежал разным товарам, работа с данными будет некорректной: информация о товарах объединится и прогноз окажется неверным.
Предмет прогнозирования. Важно учитывать оборачиваемость товаров. По продуктам, спрос на которые нестабилен (скажем, комплектующая деталь от промышленного оборудования), модели сложно понять зависимости, поэтому её прогноз может быть неточным. Все данные вроде бы есть, но событий с товаром довольно мало. Данные по изделиям, пользующимся стабильным массовым спросом, как правило, можно собрать легко, и качество прогноза по ним будет выше.
Открытость компании. Не всегда заказчики готовы раскрывать данные полностью. Иногда в распоряжении разработчиков моделей прогнозирования есть статистические данные о товаре, но сам он не называется. «Это сильно влияет на качество модели. Если аналитики не узнают, что это за продукт, то не смогут его кластеризовать, объединить с другими товарами, — объясняют эксперты Сбер Бизнес Софт. — Прежде всего это касается новинок, продажи которых прогнозируются по схожей продукции». Чтобы обеспечить высокое качество аналитики, Сбер Бизнес Софт со всеми клиентами подписывает соглашение о неразглашении, никак не переиспользует данные и после завершения работы удаляет их.
Как приступить к умному прогнозированию.
Обычно внедрение системы предиктивной аналитики разбивают на несколько стандартных этапов:
Определение цели анализа;
Сбор данных;
Анализ данных и выявление закономерностей;
Разработка модели;
Развёртывание модели в среде компании.
Эксперты Сбер Бизнес Софт рекомендуют действовать пошагово, стартовав с пробного этапа и постепенно, с учётом получаемого эффекта, масштабируя модель.
Начните с пилотного запуска. Прежде чем приступить к полномасштабному развёртыванию системы аналитики, можно сперва опробовать технологию. Для этого Сбер Бизнес Софт проводит пилотные запуски: прогнозная модель разрабатывается для какой-либо отдельной группы товаров или локации. Такие пилоты требуют незначительных расходов и позволят оценить влияние современного прогнозирования на бизнес-показатели компании.
Используйте индивидуальную модель. Пока большинство компаний используют готовые решения и инструменты с классическими моделями — прогнозная модель уже есть, в неё только нужно загрузить данные заказчика. Однако эффективнее другой подход — разработка персональной прогнозной модели, которая учитывает весь набор данных организации, поведение её клиентов, внешние факторы и другие переменные. В этом случае она показывает прогнозы максимальной точности.
Регулярно обновляйте модель. Со временем методология прогнозирования улучшается, информации становится всё больше, накапливается опыт. Однако сама модель постепенно может терять в качестве: меняется поведение покупателей, состав товаров, сам рынок. Чтобы модель всё это учла, её нужно переобучить и заново запустить в среде заказчика. Периодичность таких обновлений зависит прежде всего от вида бизнеса и особенностей операционной деятельности компании.
Привлеките эксперта для оценки данных. «На данный момент ИИ не готов полностью заменить человека. Поэтому всё ещё необходимо, чтобы эксперт внутри компании также проверял данные и следил за их динамикой», — поясняют эксперты Сбер Бизнес Софт. Большого штата аналитиков это не требует, замечает они. Обычно это один специалист внутри компании.
";;СберБизнесСофт;
Управляемая доходность. Агрохолдинги созрели для цифровой трансформации;АПК;"Цифровизация стала долгосрочным трендом в АПК. Работая в высококонкурентной среде, растениеводческие и животноводческие предприятия начинают считать каждый процентный пункт рентабельности. Для повышения эффективности они сначала внедряют отдельные продукты, но потом переходят к комплексным цифровым системам, показывают кейсы российских предприятий.
Цифровые ростки.
Сейчас отечественные агропредприятия направляют на цифровизацию в среднем 1% от общих инвестиций в производство, подсчитала ИТ-компания «КРОК», данные которой приводит РБК. Аналитики оценивают уровень внедрения передовых ИТ-решений как «точечный», однако ситуация может стремительно измениться в ближайшие пять лет. По официальным оценкам, уже к 2026 году объём agrotech-рынка достигнет 1,8 трлн рублей. Это в 4,5 раза больше российского рынка сельхозтехники (по итогам 2022 года).
Согласно исследованию «КРОК», большинство компаний подразумевают под цифровизацией лишь начальный её этап — цифровую оптимизацию, то есть инвестируют в точечные решения отдельных проблем с коротким сроком окупаемости. Так, 60% опрошенных участников отрасли ставят такие цели, как оптимизация расходов на энергоресурсы и персонал, снижение риска внезапных поломок оборудования, улучшение логистики и т. д. Зачастую для таких задач достаточно универсальных «коробочных» программ. Однако крупные агрохолдинги созрели до полной трансформации производственных процессов, включая цифровизацию всех этапов выращивания растений, птиц, животных и выпуск конечной продукции, считает региональный директор Южной локации консалтинговой компании Axenix Виктория Супрунова.
Такой ИТ-фундамент подразумевает комплекс решений: системы управления предприятием (ERP), производством (MES), складом (WMS), техническим обслуживанием и ремонтом (ТОиР), цепями поставок (SCM), а также аналитические системы для сельского хозяйства с применением IoT-устройств. Они собирают через единый интерфейс данные с датчиков на технике, беспилотниках, с персональных идентификаторов на животных и других объектов. Зачастую это требует разработки комплексных программ под ключ, но и даёт конкретные результаты.
1. Кейс «Комос Групп».
Агрохолдинг «Комос Групп» занимает третье место в России по продажам молочной продукции, четвёртое — по переработке молока, а также по производству яйца, включает в себя более 20 предприятий в четырёх регионах — в Удмуртии, Татарстане, Башкортостане и Пермском крае. Система управления построена на базе взаимодействия управляющей компании и субхолдингов. Продукция поставляется в 73 региона России и ещё 12 стран. В агрохолдинге трудятся 13 200 сотрудников.
Интенсивный рост и усложнение организационной структуры холдинга потребовали изменения системы управления и информационной архитектуры, повышения их прозрачности и эффективности.
Для этого на первом этапе в «Комос Групп» структурировали и оптимизировали более 6500 бизнес-процессов, синхронизировали их с информационными ресурсами. За 1,5 года компания трансформировала практически все кросс-функциональные бизнес-процессы и сформировала пул централизованных процессов.
В том числе созданы Общие центры обслуживания (ОЦО), что позволило объединить кадровые и юридические процессы на всех предприятиях и сократить расходы. Это помогло также более эффективно распределить задачи между сотрудниками, установить уровни SLA и OLA (внешние и внутренние документы о том, какие услуги, в каком объёме и в какой срок будет предоставлять их поставщик), сформировать карту KPI, перечисляют в агрохолдинге.
Сейчас группа реализует очередной этап организационной и цифровой трансформации.
По состоянию на середину 2023 года в «Комос Групп» описано и структурировано 12 700 бизнес-процессов, затрагивающих как производственные, так и административно-хозяйственные подразделения. Реализуются проекты по полному обновлению библиотек стандартных операционных карт (СОК) на производственных площадках и цифровой трансформации систем управления, планирования и учёта компании, интеллектуальных элементов транспортной и складской логистики, производств. Также обновлены подходы к инвестированию, а управление проектами переводится на новую платформу.
2. Кейс «Благо».
ГК «Благо» — один из крупнейших российских производителей подсолнечного и рапсового масел, объединяет 7 маслоэкстракционных заводов и поставляет продукцию в 20 стран. Компания ставит для себя цель — увеличить объём производства за счёт модернизации имеющихся и строительства новых мощностей. Другая взаимосвязанная цель — расширить географию экспорта и нарастить долю на перспективных рынках, в том числе развивая новые продукты.
По оценкам компании, проведение цифровой трансформации всех её предприятий позволит ускорить бизнес-процессы и оптимизировать расходы. Общая эффективность производства (OEE) станет больше на 1%, постоянные затраты снизятся на 0,3%, а переменные — на 2%. И прибыль в итоге вырастет.
Что будет сделано в рамках цифровой трансформации:
внедрят цифровые системы онлайн-мониторинга и управления процессами, управления взаимоотношениями с клиентами, управления поставками, автоматизации бизнес-процессов (RPA) и т. д.;
разработают цифровые каналы продаж и закупок;
все площадки оснастят IoT;
установят систему бизнес-анализа Business intelligence;
внедрят цифровых двойников цепочки поставок в рамках проекта S&OP (планирование продаж и операций);
цифровизируют финансы (бюджетирование, учёт, отчётность);
создадут HR-портал.
Наиболее показательный пример — это внедрение IoT. Система при поступлении сырья на завод измерит его качественные характеристики и произведёт автоматический расчёт целевого уровня процента съёма лузги (побочного продукта переработки). После чего система сформирует соответствующие задачи в цех переработки. Робот на основе автоматического сбора данных о загрузке производственных линий будет рассчитывать оптимальное распределение сырья по линиям. В результате завод произведёт больше масла. А цифровой мониторинг заполненности складов поможет избежать перезатаривания.
Более 10 000 датчиков будут своевременно в автоматическом режиме уведомлять персонал о критических значениях оборудования и поломках. Топ-менеджмент сможет получать мгновенные оповещения и о сбоях на производстве, и о невыполнении поставленных задач.
3. Кейс «Сибагро».
АО «Сибагро» — второй по объёмам производитель свинины в России, объединяет 8 свиноводческих комплексов, 3 мясокомбината, птицефабрику и растениеводческое предприятие с 300 000 га земель. Чтобы сократить издержки и повысить эффективность производства, «Сибагро» решила к 2026 году цифровизировать все производственные направления, а также логистику и снабжение, коммерческую службу, департамент аналитики, финансовые и юридические блоки, ИТ- и HR-отделы.
Наиболее быстро реализуемые решения — внедрение автотелематики на транспорте и кадрового электронного документооборота. Более сложным проектом, который будет внедряться на протяжении трёх лет, является создание цифрового двойника мясоперерабатывающего производства. Он будет прогнозировать внешние показатели, планировать загрузку мощностей и финансовые потоки, рассчитывать оптимальные производственные программы. «Двойник» будет работать с MES-системой, которая поможет повысить качество продукции за счёт автоматизированного контроля за соблюдением рецептуры и операциями сотрудников, рассказывают в «Сибагро».
Для улучшения взаимодействия холдинга и оптовых компаний — непосредственных покупателей продукции — «Сибагро» планирует внедрить сервисы для оптимизации транспортной цепочки: будет автоматизировано составление графиков работы водителей и маршрутов доставки. Первые цифровые решения группа уже начала внедрять.
Как робот помогает подбирать кадры.
Теперь первоначальный отбор кандидатов в HR-отделе «Сибагро» проводит робот. Сначала специальная программа «парсит» резюме: отбирает те, что удовлетворяют заданным критериям. Затем голосовой помощник делает холодные звонки. Контакты тех, кто прошёл первый отбор, робот передаёт специалисту. Пока робот работает в тестовом режиме, но 27 из 146 кандидатов уже перешли на этап «живых» собеседований. Программа правильно распознаёт 96% фраз.";Сибагро;Благо;
Передовое хозяйство: как цифровизируется «Сибагро»;АПК;"""Благодаря цифровизации всех бизнес-процессов один из крупнейших в стране производителей свинины «Сибагро» планирует сократить издержки и увеличить выручку. Как уже цифровизировался «Сибагро»?
Думать наперёд.
Постепенная цифровизация работы и применение самых современных технологий становятся абсолютным приоритетом во всех отраслях и подотраслях сельского хозяйства, говорит руководитель Национальной мясной ассоциации Сергей Юшин.
Главные задачи цифровой трансформации предприятий мясной отрасли — это снижение издержек и оптимизация всех процессов, включая анализ и принятие решений, поясняет эксперт. «Сейчас ситуация в мясном производстве достаточно благоприятная. Но компании готовятся к тому, что в случае роста себестоимости по каким-либо причинам и при одновременном снижении цен на рынке, производителям придётся биться за каждую копейку. Конкуренция в отрасли жёсткая, и те, кто думают на перспективу 5—10 лет, занимаются цифровизацией уже не первый год», — говорит Юшин.
«Сибагро» занимает второе место по производству свинины в России с долей 7,4%, по данным Национального союза свиноводов. В 2022 году компания выпустила 388 000 тонн мяса в живом весе (+22 300 тонн в 2022 году).
«Сибагро» — агропромышленная компания с полным циклом производства продукции. Основные направления деятельности: производство свинины, мяса птицы, производство яйца. В холдинг входит восемь свиноводческих комплексов, три мясоперерабатывающих предприятия, птицефабрика, растениеводческое предприятие, пять комбикормовых заводов.
Для того чтобы сократить издержки и повысить эффективность производства, компания «Сибагро» решила заняться цифровизацией всех производственных направлений, а также логистики и снабжения, коммерческой службы, департамента аналитики, финансового и юридического блоков, ИТ- и HR-отделов. Цифровая трансформация компании должна продлиться три года и завершиться к 2026 году. Партнёром «Сибагро» в этом процессе стал Сбер. В мае 2023-го на конференции «Время трансформации: актуальные решения для АПК» было заключено соглашение между компаниями, предусматривающее стратегическое партнёрство в цифровой трансформации бизнес-процессов «Сибагро», внедрение в холдинге ИТ-сервисов и продуктов Сбера.
Какие процессы может автоматизировать мясоперерабатывающая компания полного цикла:
контроль посевов и состояния растений с помощью беспилотников;
контроль состояния животных при помощи «умного зрения», что помогает выявлению болезней на ранней стадии и определению животных, достигших требуемых показателей роста/веса;
повышение эффективности работы техники с помощью цифровой картографии полей и отслеживания передвижения комбайнов, тракторов, грузовиков и т. д. (у «Сибагро» 240 га полей, которые в этом сезоне вышли обрабатывать 500 единиц техники);
оптимизация использования удобрений, внесение их с помощью беспилотных летательных аппаратов (что повышает точность, а также увеличивает урожай на 5% благодаря отсутствию колеи);
контроль соблюдения рецептур кормов и процесса их смешивания (например, расчёт соотношения ингредиентов с помощью искусственного интеллекта и роботизация процесса смешивания комбикорма);
упрощение и автоматизация документооборота;
автоматизация контроля за выполнением сотрудниками задач и т. д.;
автоматизация документооборота и создание единой базы договоров в юридическом департаменте;
автоматизированный отбор резюме и роботизация контактов с соискателями на этапе холодных звонков.
Цифровая трансформация: начало.
Цифровизироваться агрохолдингу помогает Сбер, сам прошедший этот путь несколько лет назад. Для создания стратегии цифровой трансформации «Сибагро» специалисты Сбера провели сессии с ключевыми сотрудниками всех направлений, обсудили проблемы и потребности, а также рассмотрели портфолио кейсов и лучших практик цифровой трансформации из разных отраслей. Ведь, например, заинтересованным в цифровизации процесса смешивания комбикормов может быть полезен опыт внедрения искусственного интеллекта в процесс расчёта добавок для достижения определённого сорта стали. А опыт оптимизации маршрута карьерных самосвалов на разрезе можно применить при расчёте оптимальных путей доставки комбикормов на агропредприятия.
В результате этих сессий наметились 184 проекта-гипотез — цифровых решений, повышающих эффективность разных направлений холдинга. С учётом экономической целесообразности и реализуемости их разделили на группы.
Так, к наиболее быстро реализуемым были отнесены внедрение автотелематики на транспорте и кадрового электронного документооборота. Более сложным проектом, который будет внедряться на протяжении трёх лет, является цифровой двойник мясопереработки. Проект включает прогнозирование внешних показателей, планирование производственных мощностей, расчёт оптимальной производственной программы, выхода продукции, финансовое планирование и планирование ресурсов, применение MES-системы (позволит повысить качество продукции за счёт автоматизированного контроля за соблюдением рецептуры и операциями сотрудников). Для улучшения взаимодействия холдинга и оптовых компаний — непосредственных покупателей продукции «Сибагро» — планируется внедрение сервисов, оптимизирующих транспортные цепочки (автоматизация составления графиков работы водителей и маршрутов доставки).
Реализация.
А некоторые проекты уже начали внедрять. Так, первоначальный отбор кандидатов в HR-отделе теперь осуществляет робот. Сначала специальная программа проводит «парсинг» резюме (отбирает те, что удовлетворяют определённым критериям). Затем голосовой помощник делает «холодные звонки». Контакты тех, кто прошёл первый отбор, робот передает специалисту. Пока робот работает в тестовом режиме, но 27 из 146 кандидатов уже перешли на следующий этап — собеседований. Общий объём неправильно распознанных программой фраз составляет всего 4%.
«Робот одновременно может позвонить 50 кандидатам, это его главное преимущество. Цифровой помощник не заменяет полностью специалиста, но существенно экономит время соискателей и рекрутеров на стадии знакомства. Поэтому наша HR-команда может сконцентрироваться на более важных задачах, например адаптации новых сотрудников и их дальнейшем развитии в компании», — говорит заместитель генерального директора по управлению персоналом Алина Козырева.
Цифровой помощник стал первым этапом проекта по созданию автоматизированной системы рекрутинга в «Сибагро». Сейчас продолжается доработка логики программы, потом её «научат» самостоятельно формировать базу контактов потенциальных кандидатов. В случае успеха робот будет внедрён на всех предприятиях холдинга.
Ещё один важный стратегический результат первых шагов по цифровой трансформации холдинга — сессии — и день кадрового резерва «Сибагро» позволили руководству и HR-отделу компании оценить потенциал развития ключевых сотрудников в качестве руководителей внедрения цифровых продуктов. Это профессиональный лифт, который поможет подняться по карьерной лестнице самым мотивированным и эффективным лидерам. Кроме того, компания начала процесс внедрения роли CDTO (Chief Digital Transformation Officer) — директора по цифровому развитию, который будет заниматься поиском и внедрением решений по цифровизации компании с помощью технологий больших данных, интернета вещей, машинного обучения.""";Сибагро;;
ИИ-товароведы и альтернативная оплата: актуальные ИТ-решения для ритейла;Торговля;"""В ритейле появляется всё больше ИТ-решений, которые упрощают жизнь покупателям и повышают прибыль магазинов. Так, с кассами самообслуживания растёт посещаемость магазинов: в «Пятёрочке», по данным компании, по итогам 2022 года доля трафика по ним увеличилась на 16%. Оплата по QR-кодам снижает издержки магазина за счёт меньшей комиссии за транзакцию, отмечают «Ведомости», а использование ИИ для обработки запросов покупателей повышает уровень клиентского сервиса (пишет Retail.ru). Какие решения актуальны в 2023 году и как их реализуют российские компании?
Технологии как ответ на вызовы рынка.
Среди ключевых стратегий FMCG-ритейлеров на этот год аналитики NielsenIQ отмечают повышение эффективности логистических цепочек (актуально для 57% респондентов), доступности товаров на полках (43%) и качества взаимодействия с поставщиками (38%).
Многие из этих целей связаны с технологиями. Например, доступность товаров на полках зависит от объёмов их заказа, а он — от точного прогнозирования спроса на них и учёта срока годности. С этим легко справляется ИИ. Рассмотрим, какие цифровые решения приближают ритейлеров к целям бизнеса.
Автоматизированное прогнозирование спроса.
Такие программы помогают магазинам с точностью до граммов и штук понимать, сколько закупить конкретных товаров, чтобы успеть их реализовать вовремя. Особенно это актуально для продукции с ограниченным и коротким сроком годности.
Благодаря таким технологиям снижается процент списаний товаров, а с ним — и убытки. Решения для оценки спроса на разные категории товаров анализируют данные о том, как эти товары продавались раньше, и ИИ с нейросетью выстраивают предположения на определённый промежуток времени. Чем больше данных о движении товара, тем выше точность прогнозов.
Технологии автоматизированного прогнозирования всё время развиваются. Так, «Лента» сначала использовала подобную систему на одном алгоритме, а в конце 2020 года перешла на решение на базе ИИ. Это, по данным компании, повысило точность прогнозов на 40%. К июлю 2021 года новая система действовала уже во всех магазинах «Ленты» по России для категории «гастроном», на которую приходится около 30% оборота сети. К середине 2022 года количество списаний на начальном этапе снизилось на 4%, а уровень доступности акционных товаров вырос на 5%.
Дмитрий Кабанов, руководитель проектов «Ленты»:
Повышение качества прогнозирования улучшает оборачиваемость товаров, их доступность, продажи. В основе нашей системы — мультипараметрические модели, учитывающие более 100 факторов для анализа: параметры самих магазинов, чеки, цены, характеристики товаров и наличие или отсутствие аналогов для них, запланированные промоакции и многое другое. Всё это помогло снизить списания не только в регулярных категориях, но и в промо. Также заказ теперь централизован в рамках одной службы и полностью автоматизирован, благодаря чему выросло качество работы с обратной связью и высвободилось время сотрудников.
Альтернативные методы безналичной оплаты.
Первое решение — QR-коды. Они получили большее распространение. Уже во втором квартале 2022 года, по данным «Ведомостей», банки сообщили о росте числа транзакций через QR-коды в 3—5 раз. Плюс такого решения для магазина — низкая комиссия за эквайринг: около 0,7% против 3% при оплате картой (по данным НСПК). Второе решение — оплата через биометрию на кассах. Она пока встречается только в единичных магазинах. Так, «Вкусвилл» ввёл оплату через QR-коды: клиент считывает код на кассе и оплачивает из банковского приложения по СБП (Системе быстрых платежей). Кроме этого, компания тестирует оплату по биометрии через SberPay.
Марина Фролова, лидер микросервиса оплат и касс «Вкусвилл»:
Более 75% наших покупателей предпочитают безналичный способ оплаты. Поэтому в апреле мы протестировали новое решение, а в мае оно стало доступно во всех магазинах сети, это более 3100 касс самообслуживания и более 4000 классических касс с кассиром. Также оплата по биометрии через SberPay подключена в 42 микромаркетах «Вкусвилл». У касс установлены специальные планшеты с камерой, которые считывают биометрию лица и списывают деньги с банковской карты покупателя.
Другое альтернативное решение для безналичной оплаты используют в X5 Group: совместно со Сбером они подключили оплату по лицу на кассах самообслуживания в магазинах «Перекрёсток». Позже идею стали «раскатывать» и на «Пятёрочки». Клиенты активируют опцию «Оплата взглядом» в приложении Сбербанк Онлайн и указывают карту, с которой будут списываться деньги при такой форме платежа. Сейчас сервис оплаты работает в 25 регионах России на 1100 платёжных устройствах самообслуживания, решение используют тысячи покупателей.
И ещё один кейс в этой области — у «Азбуки вкуса». В конце 2022 года сеть запустила оплату через карту лояльности по СБП. Клиенту достаточно просто привязать банковский счёт в личном кабинете. Потом на кассе для оплаты в приложении появляется динамический штрих-код, который действует несколько минут. Это безопасно, как с токенами на виртуальных картах ранее, и отчасти для клиентов проще, чем сканирование QR-кодов. По словам представителей «Азбуки вкуса», 70% клиентов раньше использовали бесконтактный способ оплаты, нужно было что-то максимально на них похожее.
Виктория Лубина, старший вице-президент по финансам компании «Азбука вкуса»:
С января этого года оплата картой лояльности доступна с привязкой счёта к SberPay. Специальный платёжный шлюз, который обеспечивает проведение платежа сканированием динамического штрих-кода без использования двух приложений одновременно и соблюдение безопасности обмена данными, разработан силами инхаус-команды. Новое решение не только удобно клиентам, но и выгодно: в конце каждого месяца начисляется 10% годовых на остаток бонусов на карте лояльности. Накопленные бонусы можно использовать для оплаты 100% стоимости покупок. Сейчас технология реализована во всех магазинах сети, и мы видим, что решение востребовано у наших клиентов: число тех, кто привязал карту, постоянно растёт.
Умный контроль сроков годности.
С 1 февраля по 1 августа 2023 года в рамках постановления Минпромторга проходит эксперимент, который должен исключить техническую возможность продажи просроченной продукции. И ритейлеры добровольно включились в эту идею.
Покупатель может проверять информацию о товаре, в том числе о продукте питания, используя систему «Честный знак», доступную через приложение для смартфона. Но далеко не все задумываются об этом в магазине. Да и если набирать огромную корзину, сканировать каждый товар долго.
Теперь такая проверка может стать автоматической и обязательной — на этапе, когда кассир пробивает товар в чек. Если в этот момент система покажет, что продукт просрочен, его просто не получится продать: система заблокирует транзакцию.
Первым к эксперименту подключился «Магнит» с конца 2022 года, а уже в феврале 2023 года он внедрил технологию во всех магазинах по России. Пока автоматическая проверка работает только для молочной продукции. Позже она заработает для упакованной воды и пива. Также к системе готовы подключиться «Азбука вкуса» и «Детский мир».
По данным пресс-службы «Магнита», алгоритм для автоматической проверки создан внутренними специалистами. «Первые результаты отличные — технология работает без сбоев, не замедляет работу кассира с покупателем. Новое решение дополнило другие способы проверки сроков годности товаров, оно поможет исключить человеческий фактор в проверке и повысить лояльность покупателей к сети», — отмечают в компании.
Виртуальные кассы для сборщиков.
Ускорения процесса оплаты магазины пытаются добиться не только для покупателей, но и для сборщиков из-за роста популярности онлайн-заказов. Задачу выполняют «виртуальные кассы» в сканере для товаров. Подтверждение или расчёт проходят прямо в торговом зале, сборщик не тратит время на очередь в кассовой зоне и не занимает место кого-то из физических покупателей.
Такую технологию внедрили магазины Metro для доставки через СберМаркет. К концу 2022 года, по данным компании, решение заработало во всех 93 торговых центрах сети по России. Благодаря виртуальным кассам в ноябре скорость сборки заказов выросла на 25%, а оплата каждого заказа сократилась с 10 минут до 70 секунд. Вдобавок Metro экономит 1% от товарооборота за счёт того, что при оплате у сборщиков нет стандартного кассового эквайринга.
Денис Марфутин, директор дивизиона электронной коммерции Metro:
Результаты от внедрения технологии стабильные. Мы подключили все магазины по России, оптимизировали все процессы. Сейчас это передовая технология с отличным результатом, и пока у нас нет необходимости ещё сильнее сокращать время оплаты заказов.
Цифровое будущее ритейла.
По мнению участников рынка, перспективы для развития есть практически у любых технологий, которые повышают эффективность бизнеса. И, в частности, у тех, которые влияют на клиентский опыт. «Люди хотят делать покупки быстро и комфортно, поэтому кассы самообслуживания, магазины без продавцов, тележки, которые умеют считывать метки, или приложение со сканером штрих-кода имеют потенциал для развития, если закрывают потребности покупателей», — отмечает Фролова.
Это мнение подтверждают представители «Азбуки вкуса», говоря, что ритейлеры всегда были одними из лидеров по внедрению новых технологий из-за необходимости постоянно налаживать контакт с клиентом, быстро реагировать на изменения поведения потребителей, управлять сложными логистическими цепочками.
«В нынешних условиях роста конкуренции и изменения потребительского поведения всё больше возрастает потребность в более совершенных системах управления взаимоотношениями с клиентами (CRM), сервисах с высоким уровнем кастомизации и технологиях дифференцированного ценообразования», — заключает Виктория Лубина.""";Несколько компаний;;в статье несколько кейсов
Быстрые деньги. Как автоматизировать B2B-платежи;Разные;"""В компаниях с большим количеством регулярных В2В-платежей качество клиентского сервиса напрямую зависит от скорости и удобства проведения транзакций. Для маркетплейса, интернет-магазина, торговой площадки поставщика услуг и продуктов автоматизация взаиморасчётов может стать ключевым преимуществом перед прямыми конкурентами и даже необходимым условием выживания на рынке.
Автоматизация B2B-платежей с использованием технологий openAPI, которые в Сбере представлены в виде SberBusinessAPI, позволяют предоставить клиенту удобный способ онлайн-оплаты напрямую на торговых площадках партнёров с персонализирооваными предложениями по банковским продуктам.
SberBusinessAPI — это цифровой канал, построенный на возможностях технологии openAPI:
прямая интеграция банковских сервисов в учётную систему компании;
обмен данными с банком с помощью защищённого подключения host2host;
единая учётная запись для регистрации и авторизации клиентов СберБизнес по СберБизнес ID;
SberBusinessPayments — сервис приёма онлайн-платежей от юридических лиц для разовых продаж товаров и услуг, регулярных списаний по подписке и гарантированных расчётов со списанием денег по предоплате.
Подключиться к сервисам SberBusinessAPI в интернет-банке СберБизнес теперь можно самостоятельно. Пользователю достаточно заполнить форму онлайн-заявления и подписать его электронной подписью. После этого он может приступить к самостоятельной интеграции выбранных сервисов.
«Моментальные платежи» вместо выставления и оплаты счетов.
Платёжный сервис позволяет перевести в онлайн взаиморасчёты с контрагентами. Пользователь сервиса получает возможность выставлять клиентам онлайн-счета с ограниченным сроком действия и без возможности изменить указанную сумму оплаты и получателя платежа. Оплата, которая раньше занимала до трёх банковских дней, теперь возможна за несколько секунд.
Мгновенно получая информацию о поступлении денег на счёт, партнёры достигают большей оборачиваемости своих товаров и услуг без привлечения дополнительных оборотных средств или персонала.
Оплата через сервис «Моментальные платежи» сводится к трём простым шагам:
При оплате товара выбрать способ оплаты «Оплатить через СберБизнес»;
авторизоваться с помощью СберБизнес ID;
подтвердить платёжное поручение, которое формируется автоматически.
Сразу после успешного исполнения платежа контрагент видит статус оплаты и приступает к отгрузке товара или оказанию услуги.
«Газпромнефть — Региональные продажи»: как организовать сервис 24/7.
Проблема.
В2В-платформа «ОПТИ 24» для коммерческого транспорта от компании «Газпромнефть – Региональные продажи» работает с 2018 года. Она включает в себя топливные карты с широкой сетью приёма, а также набор современных цифровых сервисов и услуг.
«Газпромнефть-Региональные продажи» работает с корпоративными клиентами в основном по предоплате. Если на топливном счёте нет средств, клиент не может заправить транспорт, а значит, перевозки бизнеса могут остановиться.
Решение.
Совместный проект со Сбером дал платформе «ОПТИ 24» новый способ пополнения топливного счёта, который позволяет в режиме онлайн 24/7 вносить платежи. Пользователю достаточно авторизоваться в личном кабинете через СберБизнес ID, выбрав платёжное решение «Моментальные платежи» от SberBusinessAPI, далее на сайте открывается модальное окно, где клиент выбирает расчётный счёт списания, и пополнить счёт топливной карты. Средства перечисляются партнёру сервиса в течение нескольких секунд.
Результат.
С момента запуска сервиса пользователи платформы «ОПТИ 24» совершили платежи на сумму более 1,2 млрд рублей. Опрос клиентов показал, что 75% из тех, кто хоть раз воспользовались сервисом, готовы использовать его в дальнейшем.
Затраты на внедрение сервиса, по данным компании «Газпромнефть — Региональные продажи», окупились менее чем за год за счёт сокращения количества неуспешных транзакций по причине отсутствия средств на счёте.
«Корпоративные подписки» автоматизируют расчёты с контрагентами.
«Корпоративные подписки» — платёжное решение, позволяющее упростить списание средств со счетов клиентов. Это происходит по модели подписки и по факту оказания услуг. Благодаря использованию «Корпоративных подписок», партнёры Сбера могут увеличить количество платных клиентов и изменить модель монетизации — перейти с годовых тарифов на ежемесячные.
Три шага для оплаты подписки или регулярной услуги:
авторизоваться через СберБизнес ID;
принять оферту — предложение услуги и условий оплаты;
выбрать нужный тариф.
Средства будут автоматически списываться с банковского счёта пользователя до тех пор, пока он не отменит подписку.
Seeneco: сервис всегда доступен.
Проблема.
Сервис управленческого учёта Seeneco изначально работал с контрагентами по модели подписки. При этом отслеживание новых клиентов, выставление счетов и контроль оплат происходили вручную. Но рост числа пользователей до десятков тысяч сделал этот процесс нерентабельным. К тому же необходимо было улучшить клиентский путь — невозможность срочно выставить счёт, получить оплату или необходимые документы становится для компаний критичной. Для этого Seeneco потребовалась автоматизация платёжных операций с контрагентами.
Решение.
Seeneco стала одним из первых клиентов «Корпоративных подписок» СберБизнес. Компания начала внедрять их ещё в апреле 2019 года. Для этого потребовалось настроить автоматическое выставление счетов клиентам и обработку платежей в каждом платёжном периоде во внутренних системах Seeneco и провести их интеграцию со Сбером по API.
Seeneco подключила SberBusinessAPI, настроила с банком автоматический обмен информацией о платежах и остатках на счетах и разработала собственное мобильное приложение для клиентов. В приложении клиенты видят свою управленческую и финансовую отчётность, аналитику, оплаченные и неоплаченные счета, а также могут использовать функционал планирования и прогнозирования. Оплата сервисов Seeneco происходит путём автоматического ежемесячного списания средств с расчётного счёта клиента.
Результат.
Отток клиентов Seeneco сократился более чем на 96% после внедрения сервиса «Корпоративные подписки».
Анна Лоевская, директор дивизиона «Цифровой корпоративный банк» Сбербанка:
Мы первыми в российском корпоративном банкинге реализовали технологию самостоятельной настройки API через личный кабинет. SberBusinessAPI включает в себя 110 сервисов и услуг для предпринимателей в едином интерфейсе. Клиентская база этого решения насчитывает более 500 внешних интеграций, в том числе с крупнейшими компаниями страны. Ежедневно через SberBusinessAPI проходит более 12 млн запросов, в том числе управление динамическими лимитами по бизнес-картам, обработка платежей, работа с зарплатными проектами, выписками по счетам и другие операции.""";Несколько компаний;;в статье несколько кейсов
Удобно и безопасно. Как интеллектуальные системы помогают застройщикам и жителям;Недвижимость;"""«Умный» дом — широкое понятие, к которому относятся любые системы автоматизированного управления в быту. Продажи оборудования для этих целей в России ежегодно растут, и к 2025 году должны увеличиться более чем вдвое — до 2,7 млрд долларов в сравнении с 2021 годом, а число таких домов к этому времени достигнет 8,3 млн (рост — в 2,2 раза).
Пока комплексные «умные» системы есть только в 4% жилых зданий в России, чаще всего используются отдельные интеллектуальные компоненты. Застройщики, как правило, предлагают комплекс из IP-домофонии и IP-видеонаблюдения с возможностью доступа к информации через смартфоны, управления освещением в местах общего пользования и на парковках, автоматизированного сбора показаний ЖКХ и т. д. Применение таких систем всё чаще является необходимым условием для продаж квартир бизнес-класса и выше.
Росту популярности таких систем в России способствуют несколько трендов:
распространение технологии интернета вещей;
появление систем, позволяющих жителям взаимодействовать с домом через приложение в смартфоне;
рост конкуренции среди застройщиков, особенно в сегментах бизнес- и премиум-класса.
Что предлагают современные онлайн-платформы.
В 2022 году усложнились логистические цепочки для поставки оборудования для «умных» домов. Поэтому на первый план выходят открытые платформы, которые легко можно интегрировать с разными ИТ-решениями и сторонними сервисами. Их в том числе проще переориентировать на российские технологии.
Пример такого сервиса — онлайн-платформа для застройщиков «Умные дома от Doma.ai». Она автоматизирует учёт жилого фонда, приём и обработку заявок от жителей, оплату квитанций, взаимодействие с государственными службами, учёт ресурсов и т. д.
Возможности онлайн-платформы «Умные дома от Doma.ai».
IP-домофон. Контроль и управление доступом на объект на базе сети с IP-адресацией устройств.
Бесконтактный доступ и проезд на территорию ЖК.
Сбор показаний приборов учёта в режиме реального времени.
Сервис СберСалют — отправка голосовых заявок в УК и дополнительные функции.
Видеонаблюдение с цифровым архивом и поиском по событиям.
Мониторинг инженерной инфраструктуры ЖК, встроенная система инцидент-менеджмента.
В основе ИТ-архитектуры «Умных домов от Doma.ai» лежит система мини-аппов — приложений с упрощённым интерфейсом, развёрнутых на платформе. Это сделано для более легкой интеграции сторонних сервисов и приложений.
Особенности работы с сервисом для застройщиков:
На этапе планирования создания «умного» дома девелопер определяет набор необходимых сервисов — «умный» шлагбаум, домофон, счётчики, видеонаблюдение и т. д.;
Есть возможность подключиться к любым поставщикам ИТ-систем, заказчик выбирает их из пула системы или предлагает своих;
Система согласовывается с застройщиком на каждом этапе; Это позволяет обеспечить её работоспособность к моменту передачи ключей жителям;
Инженеры Doma.ai консультируют клиентов на стадии проектирования ЖК, берут на себя авторский надзор в ходе строительства, шеф-монтаж и наладку оборудования перед запуском;
Внедрение технологий «умного» дома возможно также и на действующем объекте.
Пример работы девелопера с системой.
Проблема. Застройщик передал 200 000 м² сданного в эксплуатацию жилья в обслуживание сторонним управляющим компаниям. Из-за некачественного сервиса этих УК он регулярно нёс повышенные затраты на ремонт в течение гарантийного периода. Из-за отсутствия обратной связи с клиентами после заселения он не мог влиять на их лояльность.
Решение. Создана собственная управляющая компания, которая стала поддерживать стандарты и нормы застройщика. Её подключили к онлайн-платформе «Умные дома от Doma.ai» для создания дополнительных конкурентных преимуществ.
Результаты:
15% составляет прогнозное снижение затрат на ремонт объекта в гарантийный период;
с 35% до 45% — рост индекса лояльности клиентов;
50% квартир в следующей очереди строящегося жилья проданы на стадии 18% готовности.""";;Doma.ai;Не указаны клиенты
Экзоскелеты для супергрузчиков: как «Грузовичкоф» внедрял новый девайс и что из этого вышло;Транспорт;"""Ежегодно около 23 000 рабочих получают на производстве травмы, многие из которых связаны с выполнением разгрузочно-погрузочных работ. Повреждения могут быть вызваны движущимися машинами и механизмами, падением грузов, скользкими поверхностями, а также физическим напряжением.
Существуют инновационные методы снижения травматизма. Например, компания «Грузовичкоф» решила внедрить экзоскелеты. Как прошёл эксперимент с внедрением технологии?
Алюминиевый позвоночник.
Михаил Назаров, исполнительный директор сервиса «Грузовичкоф», рассказывает, что идея протестировать экзоскелеты родилась по итогам одного из совещаний топ-менеджмента. Тогда руководители департаментов предлагали различные инициативы, часть из которых была взята в работу. Предполагалось, что решение позволит увеличить производительность, а также минимизирует риски травм среди персонала.
Где применяются экзоскелеты?
Медицина: для реабилитации пациентов с нарушениями опорно-двигательного аппарата или нервной системы.
Ликвидация последствий чрезвычайных происшествий: тушение пожаров в высотных зданиях, разбор завалов, доставка первой помощи в труднопроходимые места.
Промышленность и логистика: проведение погрузочно-разгрузочных работ, монтаж и демонтаж, дорожное строительство, укладка труб.
Экзоскелеты изготавливаются по модульной схеме и состоят из 20 различных элементов, сочетания которых могут варьироваться исходя из индивидуальных особенностей работника и производственного процесса. В пассивном состоянии экзоскелет защищает позвоночник от перегрузок (на 60% снижается давление на позвоночные диски), в активном — повышает физические показатели сотрудника. При этом ему не приходится перенапрягаться — использование экзоскелета делает повышенные нагрузки безопасными.
Михаил Назаров — участник нового сезона шоу «Бизнес в действии». В каждом выпуске опытные предприниматели отвечают на актуальные вопросы и рассказывают, как лучше всего развивать компанию. Ведущий проекта — писатель Александр Цыпкин.
Тестирование экзоскелетов длилось два месяца. Чтобы подобрать их, в компании «Грузовичкоф» сделали запросы крупнейшим производителям. Разработка тестовых конструкций была индивидуальной и велась с учётом потребностей грузчиков: им важна плотная фиксация устройства и грамотное перераспределение нагрузки, при этом должна сохраняться возможность свободного передвижения и подвижность.
Михаил Назаров рассказывает, что в компании тщательно отбирали тестовую группу сотрудников. В неё попали работники с многолетним стажем и большим опытом на заказах различной сложности: от погрузки-разгрузки вещей до сложных такелажных работ в специальных бригадах. При первых тестах рассматривали грузчиков схожей комплекции.
«Мы провели тесты на разных видах выполняемых услуг, например на квартирных переездах и при перевозке складов, чтобы проверить, насколько мы сможем оптимизировать эти процессы и внедрить новые технологии», — говорит Назаров.
Технология будущего.
После первых тестов была собрана обратная связь от грузчиков, которая позволила оценить удобство применения конструкции на заказах для массового внедрения экзоскелетов в «Грузовичкоф». «К сожалению, мы поняли, что конкретно те конструкции не очень подходили под наш формат работы. Они были больше направлены на автоматизированные действия сотрудников на складах, а нашим грузчикам надо быть более мобильными и гибкими, принимать нестандартные решения», — рассказывает Михаил Назаров.
Протестировав несколько видов экзоскелетов, в компании пришли к выводу, что представленные на рынке конструкции задач «Грузовичкоф» не решают: экзоскелеты не смогли хотя бы частично заменить ряд функций механическим трудом или снизить нагрузки.
В 2021 году экзоскелеты начали использовать на металлургическом производстве. Задача — снизить нагрузки на сотрудников склада готовой продукции, уменьшить травматичность. После одного месяца использования инициаторы проекта отмечали эффективность экзоскелетов, несмотря на то, что сначала некоторые рабочие жаловались на ограничение подвижности.
В мае 2023 года экзоскелеты появились на одном из трубных заводов, где их также начали применять для облегчения повседневных задач. Руководство завода отмечает, что 90% отзывов сотрудников положительные: многие уже не представляют, как работать без них.
По состоянию на сегодняшний день руководством «Грузовичкоф» было принято решение не масштабировать идею с экзоскелетами. Однако от дальнейших экспериментов компания не отказывается. «Мы готовы участвовать в тестировании новых конструкций, если они позволят заменить ряд функций сотрудников, повысить сохранность груза при погрузке-разгрузке и положительно отразятся на здоровье нашего персонала», — говорит Михаил Назаров.""";Грузовичкоф;;
Возьмите ещё. Как в «Хлебнице» оцифровали контроль дополнительных продаж;Торговля;"""Сеть пекарен «Хлебница» на рынке с 2014 года. У неё более 900 заведений по всей стране. Концепция компании — свежая выпечка из натуральных продуктов в шаговой доступности от клиента. Большинство процессов стандартизировано. Однако, как показала практика, не все из них удаётся качественно контролировать.
Рассказываем, почему в сети решились на внедрение цифрового сервиса, который следит за общением сотрудников с покупателями, и как это повлияло на продажи.
Проблема.
У компании не было автоматизированного контроля за соблюдением скриптов обслуживания и правил общения с покупателями.
Под выборочную «ручную» проверку аудиторов попадали только 2% диалогов. Они оценивались лишь по нескольким параметрам.
При этом аудиторы выявили, что соблюдение принципов дополнительных продаж увеличивает средний чек примерно на 20%.
Решение.
Комплекс цифровых сервисов для записи диалогов и автоматической обработки информации.
Технологии.
«Умный» бейдж записывает диалог и автоматически отправляет его на сервер по распознаванию речи.
Затем происходит транскрибация аудио в текст.
Специальная программа анализирует текст.
Сложности.
Часть сотрудников воспринимала «умные» бейджи как дополнительный элемент контроля. Необходимо было показать, как решение повышает доходы команды, и обосновать его ценность для бизнеса.
«Умный» бейдж записывает посторонние шумы и разговоры, не относящиеся к процессу обслуживания. Необходима технология, которая будет убирать их на уровне обработки и транскрибации текста.
Этапы работы:
Июнь 2023 года. Миграция части ИТ-инфраструктуры заказчика с помощью Cloud. Создание отдельной виртуальной машины, настройка транспорта данных для проведения пилота.
Июль — август 2023 года. Пилот в Ижевске.
Сентябрь 2023 года. Анализ результатов пилота и формирование финального технико-экономического обоснования проекта.
Октябрь 2023 года. Запуск сервиса в промышленную эксплуатацию.
Результаты.
В ходе пилотирования сервиса в Ижевске компания добилась:
50% роста продаж акционных товаров за счёт контроля исполнительской дисциплины по их предложениям;
15% роста выручки каждой торговой точки, подключённой к сервису;
формирования списка самых успешных скриптов при общении с покупателями.
Следующие шаги.
В 2024 году компания планирует с помощью нового сервиса накопить исторический датасет для определения наиболее успешных маркетинговых акций, а также скорректировать ассортимент в соответствии с запросами покупателей.""";Хлебница;СберБизнесСофт;
«Ломовые деньги». Как компания «Вториум» оцифровала приём лома у физических лиц;Металургия;"«Вториум» с 2020 года развивает одноимённый платформенный сервис для компаний, которые принимают металлолом у физических лиц — сборщиков. С тех пор на рынке произошли изменения: наличный оборот запретили, а любые неточности в документации теперь чреваты запросами от финансового мониторинга. Рассказываем, как цифровой сервис адаптировался к новым законодательным требованиям.
Проблема.
Ломозаготовка — отрасль, где значительный объём сырья генерируется за счёт частных сборщиков. Но с 1 октября вступает в силу закон, который запрещает наличные выплаты за сданный лом.
Компаниям нужно решение для быстрого и безопасного перевода денег, а также удобный способ взаимодействия с органами банковского финансового мониторинга, количество запросов от которых повысилось в связи с предстоящими изменениями.
С 1 октября запрещено оплачивать лом наличными.
Решение.
Платформенное решение, которое работает на стационарных и мобильных устройствах и интегрируется с ИТ-системами предприятия — приёмщика лома.
Оно должно быстро осуществлять выплаты физическим лицам и автоматизировано заполнять документацию, чтобы снизить количество ошибок в приёмо-сдаточных актах.
Технологии.
Транзакции проводятся через канал прямого взаимодействия с банковскими системами для автоматизации бизнес-процессов.
Данные хранятся по стандарту PCI/DSS в защищённой облачной инфраструктуре.
Результаты.
Время выплаты сократилось до 1 минуты с учётом оформления приёмо-сдаточных актов.
Скорость обслуживания физических лиц выросла в 3 раза и более.
До 100% сокращено количество запросов от финансового мониторинга у пользователей сервиса.
Число ошибок при выплатах свелось к минимуму.
Следующие шаги.
Планируется дальнейшее наращивание функционала платформы в части финтех-архитектуры и развитие новых сервисов.""";Вториум;;
Умные продажи комбайнов. Как поставщик сельхозтехники «Техноком» масштабирует бизнес с помощью технологий;Торговля;"""Компания «Техноком» — официальный дилер «Ростсельмаша» — работает на рынке сельскохозяйственной техники с 2001 года. Она реализует комбайны, тракторы и другие машины, запасные части, а также доставляет их в хозяйства и обеспечивает сервисное обслуживание. Клиентами «Технокома» выступают 80% хозяйств Ростовской области и Краснодарского края. Но компания решила не останавливаться на достигнутом и расширить географию продаж. Для этого она модернизирует свою ИТ-инфраструктуру и обновляет бизнесы-процессы.
Рассказываем, какие решения внедряет «Техноком», чтобы повысить точность планирования и продуктивность логистического подразделения.
Проблема.
Поставщик сельхозтехники намерен увеличить долю рынка на Юге России и расширить географию сбыта. Но при планировании компания поняла, что для дальнейшего масштабирования ей не хватает каналов продаж, информации для прогнозирования объёмов сбыта, а также технологических ресурсов для эффективной работы с возрастающим спросом.
Решение.
Проведён аудит бизнес-процессов и ИТ-инфраструктуры.
Составлен план работ по цифровой трансформации (ЦТ) «Технокома».
Сформированы бизнес-требования к цифровым решениям.
Определены приоритетные задачи и очерёдность внедрения решений.
Начата разработка CRM-системы.
Началось внедрение ML-моделей (на основе машинного обучения) и речевой аналитики.
Технологии.
Внедрён сервис прогнозирования для закупки запчастей сельскохозяйственной техники.
Установлена система речевой аналитики для дальнейшего повышения качества взаимодействия сотрудников отдела продаж и сервисной службы с клиентами.
Эксперты Сбер Бизнес Софт перевели все бизнес-процессы «Технокома» в учётную систему 1С, сформировали оптимальную архитектуру в части сопровождения системы, обеспечили сквозной процесс работы организации в едином информационном контуре, подготовили учётную систему для внедрения CRM.
Сложности.
На старте возникли сложности с финансированием. Помощь в привлечении льготного финансирования ЦТ клиенту оказали CSM (customer success manager — специалист, который отвечает за успех клиентов) и клиентский менеджер Сбербанка. В результате компания смогла привлечь субсидированный кредит в рамках механизма, установленного Постановлением Правительства РФ № 1598 (правила предоставления субсидий на кредитование проектов по цифровизации на основе российских ИТ-решений).
В начале ЦТ также возникло некоторое сопротивление изменениям в бизнес-процессах, однако постепенно сотрудники перестроили подход к выполнению задач.
Этапы внедрения:
Сентябрь — декабрь 2022 года — аудит бизнес-процессов и ИТ-инфраструктуры клиента;
Сентябрь 2022 года — февраль 2023 года — разработка и внедрение сервиса речевой аналитики;
Ноябрь 2022 года — март 2023 года — внедрение платформы прогнозирования для закупки запчастей;
Декабрь 2022 года — получение компанией финансирования для проекта ЦТ. Более ранние инвестиции в проект были учтены в объëме льготного кредитования;
Январь 2023 года — старт работ по модернизации учётной системы 1С и разработке CRM;
Май 2023 года — началась разработка сервиса прогнозирования для закупки сельхозтехники.
Результаты.
ИИ-анализ данных и минимизация влияния человеческого фактора позволяют прогнозировать закупки на год вперёд с точностью более 90%, эффективно планировать загруженность складов и поставку запчастей хозяйствам. В результате рентабельность продаж выросла на 15%.
Прямой эффект от ИИ-прогнозирования спроса измеряется примерно в 30 млн рублей в год.
Использование речевой аналитики на 20% повысило CSI (Сustomer Satisfaction Index — оценка уровня удовлетворённости клиентов после взаимодействия с компанией). В результате конверсия в продажах увеличилась на 10%.
Учётная система стала работать быстрее и теперь позволяет вовремя выгружать нужные отчёты. Благодаря автоматизации топ-менеджеры не тратят время на рутинные операции и могут больше времени уделять задачам развития компании.
Следующие шаги.
В течение 2023 года «Техноком» планирует расширить функционал сервисов:
CRM будет внедрена и запущена в промышленную эксплуатацию;
будет внедрена платформа прогнозирования для закупки полнокомплектной сельхозтехники;
речевая аналитика и ИИ-прогнозирование будут интегрированы в CRM-систему, чтобы они взаимодействовали с источником данных напрямую;
начнётся разработка интернет-магазина с внедрением финансовых инструментов Сбера, например «Рассрочки для бизнеса»;
запланировано обучение сотрудников.""";Техноком;СберБизнесСофт;
Нейросеть-химик. Как в ГК «Крезол» ускорили обработку тендерных заявок в 10 раз;Производство;"""ГК «Крезол» на рынке с 1993 года. Это крупнейший российский производитель реагентов, оборудования и мебели для лабораторий. Имеет несколько производственных площадок, филиалы и представительства в городах России и других странах (ОАЭ, например). Сотрудничает с лидерами нефтяной, металлургической, горнодобывающей, энергетической и машиностроительной отраслей. В штате более 1000 человек.
Проблема.
ГК «Крезол» участвует в госзакупках. Как правило, тендерные заявки заказчиков содержат много различных позиций. Специалисту отдела продаж нужно найти соответствующие им товары из справочника компании.
Работа с одной заявкой может занимать несколько дней.
Сотрудники загружены рутинными операциями.
Не всегда есть время на обработку тендеров, которые потенциально интересны компании и могут принести ей прибыль.
Решение.
Автоматизировать бизнес-процесс по подбору товаров из справочника, чтобы специалисту оставалось только выбирать из 5—10 подходящих позиций, а не зарываться в многотысячном каталоге.
Технологии.
В основе интеллектуального помощника специалиста отдела продаж лежит решение на базе нейронной сети-трансформера (PyTorch, Pandas). Она сопоставляет позиции из тендерной заявки со справочником компании.
Точность её работы — 80%.
Выдача результата по одной позиции занимает 1 секунду.
Нейросеть быстро выдаёт подходящие товары из справочника. Пользователю остаётся выбрать лучшее соответствие.
80% точность работы нейросети
Этапы работы:
Январь — февраль 2023 года. Разработка гипотезы о возможности решения задачи с помощью трансформера;
Февраль — март 2023 года. Проектирование нейронной сети;
Апрель 2023 года. Апробирование модели;
Май 2023 года. Получение результатов, работа над ошибками;
Май 2023 года. Тестирование;
Июнь 2023 года. Упаковка проекта и ввод в эксплуатацию.
Результаты.
Процесс поиска позиций из тендерной заявки в номенклатуре предприятия автоматизирован и ускорен в 10 раз.
Отдел продаж разгружен от рутинных задач.
Компания обрабатывает больше заявок и чаще участвует в тендерах. Так, в 2022 году объём тендерных заявок был примерно 750 в месяц. В 2023 году он вырос до 1350. Штат операторов при этом не увеличился.
Следующие шаги.
В ГК «Крезол» намерены и дальше развивать это цифровое решение, повышать качество работы модели и её точность.""";ГК «Крезол»;Сбер AI;
Новоселье онлайн. Как группа «Родина» оцифровала покупку квартир;Недвижимость;"""Группа «Родина» — девелоперская компания, которая строит жилые кластеры премиум-класса. Среди её проектов Олимпийская деревня в Новогорске, авторский жилой квартал Russian Design District в Новой Москве и спортивно-оздоровительный кластер «Союз» у ВДНХ и Ботанического сада.
Рассказываем, почему девелоперу понадобились цифровые решения и как они изменили процесс покупки квартиры.
Проблема.
Продажи квартир в комплексе Russian Design District стартовали в марте 2020 года во время начала пандемии и жёстких ограничений. Офис продаж пришлось временно закрыть, а клиенты практически не выходили из дома.
Однако спрос на квартиры резко вырос — в условиях неопределённости люди хотели сохранить накопления и были готовы вкладывать их в недвижимость. Кроме того, он подогревался льготными госпрограммами ипотеки на новостройки под 6,5%.
Девелопер оказался в сложной ситуации: приходило много заявок от покупателей, но подтвердить бронирование оплатой было невозможно. Компания понимала, что теряет время, деньги и клиентов.
Решение.
Необходимо было в короткие сроки наладить онлайн-сервис и дать возможность покупателям бронировать понравившиеся варианты дистанционно.
Решением стал личный кабинет покупателя на сайте девелопера. Продавец указывал стоимость и срок бронирования помещений. Клиент изучал планировки и выбирал квартиру, а затем через личный кабинет бронировал объект.
Когда бронь была оплачена, помещение меняло статус на «Забронировано». Заявка и данные покупателя попадали в CRM девелопера, и менеджеры могли вносить и видеть корректировки прямо в карточке клиента.
Сотрудникам отдела продаж удалось быстро освоить новый инструмент и увеличить с помощью него скорость бронирований.
Технологии.
Profitbase Office — онлайн-офис, где клиенты могут пройти путь от выбора квартиры до оформления сделки дистанционно.
К нему подключены CRM девелопера и финансовые инструменты для онлайн-оплаты бронирований и перевода средств на банковский счёт компании.
Этапы работы.
Внедрение решения и его интеграция с Росреестром.
Обучение сотрудников. Им показывают, как работает личный кабинет покупателя и менеджера, как любые действия в них отображаются в CRM. Объясняются настройки и другие особенности работы в ИТ-системе.
Результаты.
Обслуживание клиентов вышло на новый технологический уровень.
Покупатели могут выбрать и забронировать квартиру онлайн, без посещения офиса застройщика.
Появились финансовые сервисы для перевода средств. Кроме того, на платформе есть калькулятор онлайн-ипотеки, который помогает клиентам рассчитать ежемесячный платёж и узнать сумму первоначального взноса.
Менеджеры получили автоматизированный инструмент подачи ипотечных заявок. Они заполняли форму один раз, а анкета сразу отправлялась в 34 банка — партнёра компании. Это увеличило скорость оформления ипотеки.
Данные клиента автоматически распознаются из загруженных в систему документов и вносятся в договор. Подписать его можно либо в офисе девелопера, либо с помощью квалифицированной электронной подписи (КЭП), которая также оформляется через личный кабинет и доставляется клиенту курьером прямо домой.
Электронная сделка сократила время на регистрацию в Росреестре с нескольких дней до 5 минут.
Девелоперу удалось удовлетворить текущий спрос и продавать квартиры онлайн в условиях ковидных ограничений.
Увеличился показатель LTV, лояльность клиентов и средний чек.
Следующие шаги.
В начале 2023 года девелопер запустил мобильное приложение. В нём есть 3D-туры и визуализации, которые увеличивают время взаимодействия с контентом, эффективнее вовлекают клиента в покупку, обеспечивают лучший уровень сервиса и повышают вероятность бронирования понравившегося объекта. В мобильном приложении есть весь функционал, поэтому купить квартиру можно прямо с телефона — как обычный товар на маркетплейсе.
В будущем застройщик планирует перевести в онлайн и процесс приёмки квартир. Клиенты смогут самостоятельно записываться на выдачу ключей и подбирать подходящие даты. После осмотра квартир все недочёты будут фиксироваться прямо в системе, здесь же можно будет вести работу с подрядчиками по их исправлению. Например, отправлять им информацию о дефектах через почту, мессенджеры и СМС. Если в результате строительства площадь квартиры отличается от плана, то покупатель сможет вернуть деньги или доплатить за дополнительные квадратные метры в личном кабинете. После посещения квартиры и выдачи ключей клиент сможет подписать акт приёма-передачи в приложении на своём телефоне.""";Группа «Родина»;;Profitbase
Цифровой взлёт. ГК «Самолёт» автоматизирует поставки строительных материалов с EDI-системой СберКорус;Недвижимость;"""Группа «Самолёт» занимает вторую строчку в топ-10 застройщиков РФ. Компания возвела свыше 3 млн м² жилья, а в сотнях её офисов по городам России и СНГ работает более 5000 сотрудников.
Девелопер воспользовался решением СберКорус — системой СФЕРА EDI, которая автоматизировала закупки стройматериалов, а также обмен информацией и документами с поставщиками. Это первый случай применения подобного сервиса в отечественной строительной индустрии. Обычно EDI-системами пользуются ритейлеры и их поставщики. Рассказываем, для чего понадобилось это решение девелоперу, и как оно отразилось на бизнес-показателях.
Проблема.
Внедрённый в компании электронный документооборот не отвечал требованиям холдинга, цепочки поставок которого постоянно разрастаются и усложняются.
Необходимо было найти решение, которое поможет сделать эти процессы на 100% прозрачными,контролируемыми, стандартизированными.
Такой подход призван искоренить некорректные и неполные поставки материалов, но и коррупционную составляющую при закупках. В результате решения проблемы должна была увеличиться скорость строительства.
Решение.
СберКорус интегрировал в бизнес-процессы группы «Самолёт» новую систему, которая стала отвечать за процессы поставки и стандартизировала их.
Специальный модуль снабжения S.Materials функционирует по типу маркетплейса.
К нему подключены все предприятия группы, более 1000 контрагентов и 420 подрядчиков.
Товары разбиты на 470 видов отделочных и строительных материалов.
Более 1000 поставщиков подключились к S.Materials
В S.Materials интегрировано решение СФЕРА EDI, которое делает процесс закупки, контроля и поставки полностью автоматизированным.
У каждой поставки есть статус. Он показывает:
на каком она этапе;
где физически находятся товары;
предоставляет информацию по оплате.
Одна из наиболее важных для девелопера опций — автоматическое резервирование товара. Она гарантирует, что стройматериалы есть в наличии и точно приедут на строительную площадку в указанный срок. Это радикально сокращает количество простоев техники и бригад, что, в свою очередь, сказывается на общих темпах возведения объектов.
Планируется, что новое решение обеспечит онлайн-оборот 140 000 документов в год и справится с 5000 отгрузок на предприятия группы каждый месяц.
Технологии.
Модуль S.Materials
СФЕРА EDI СберКорус.
Интеграция решений сделала поставки автоматизированными на каждом этапе и оцифровала документооборот.
Система начинает работать уже во время конкурсных закупок и «проходит» весь путь с товаром до его прибытия на конечный объект.
Результаты.
Уровень цифровизации заказов и поставок на предприятиях компании вырос на 45% (с 35% на начало 2022 года до 80% на сегодняшний день).
В 2 раза ускорилась обработка заказов на стороне поставщиков (с 15 до 8 дней). Предполагается, что после реализации всего функционала платформы срок уменьшится до 1—2 дней.
Количество ошибок сократилось в 2 раза: если раньше они были в 15% от всех заказов, то сейчас лишь в 7,5%. Планируется, что этот показатель упадёт до 0,5%.
В 2 раза ускорилась обработка заказов
Существенная экономия на документообороте: теперь на хранение и печать бумаг тратится на 20% меньше ресурсов. Кроме того, документы стали обрабатываться компанией на 70% быстрее, а риск их утери равняется нулю.
Новая система полностью контролирует заказ стройматериалов и автоматически предоставляет актуальную информацию о товарах. Раньше для этого приходилось задействовать службу безопасности девелопера, а теперь такая потребность исчезла.
Платформа выстраивает прозрачные отношения с поставщиками и убирает коррупционную составляющую.
Следующие шаги.
К концу 2023 года в «Самолёте» с помощью СФЕРА EDI рассчитывают на 100% оцифровать процесс заказов и поставок на всех предприятиях группы.
Кроме того, система позволит качественно изменить отгрузку и приёмку товаров. Ещё до поступления их на строительную площадку или склад сотрудники девелопера будут располагать расширенной информацией о габаритах, упаковке и других важных параметрах материалов. Всё это будет сразу указано в карточках товаров. Сейчас в компании работают над специальным приложением для приёмки, синхронизированным с системой.
Другой важный вектор в оптимизации технологии — обучение партнёров и поставщиков тому, как быстро и правильно работать с системой. Это сделает переход на неё комфортным и безболезненным для всех сторон процесса.""";Группа «Самолёт»;;СберКорус
Технологичный АПК: как агрохолдинг «Выборжец» перевёл свет в цифру;АПК;"""Агрохолдинг «Выборжец» — лидер по производству свежих овощей и зелени в Северо-Западном регионе. Свет — один из основных показателей. Он нужен, чтобы был урожай. В северных условиях роль осветительных устройств для выращивания культур особенно важна.
Как навести порядок с этим оборудованием и досветкой (дополнительное освещение, которое увеличивает продуктивность процесса фотосинтеза) на площади в 9 гектаров (18 футбольных полей) и почти 60 000 ламп?
60  000 ламп используется на производстве «Выборжца»
Проблема.
Срок службы лампы — три года. Когда он подходит к концу, компания закупает новую партию и полностью заменяет все осветительные приборы. Раньше при этом не учитывалось, что часть устройств уже была заменена по гарантии. Соответственно, срок службы заменяемой лампы был иногда существенно меньше гарантийного.
Лампы не горят — урожая нет. Важно организовать мониторинг: в режиме реального времени отслеживать показатели освещённости. А также оперативно заменять лампы и контролировать, как сотрудники выполняют эту задачу.
Решение.
Было решено создать систему, которая позволяет:
оцифровать процесс учёта ламп в теплице, чтобы видеть историю эксплуатации каждого осветительного прибора (включая гарантийный срок) и заменять его по отдельности и по мере необходимости, а не все устройства сразу, когда истечёт формальный гарантийный срок партии ламп;
видеть общую картину: сколько ламп или световых точек работает, сколько вышло из строя. Кроме того, упорядочить и анализировать эффективность процессов замены, диагностики, ремонта светильников и ламп;
контролировать работу сотрудников и устанавливать KPI.
Технологии.
В основе решения лежит отраслевая экспертиза специалистов агрохолдинга «Выборжец».
Команда Сбера перевела их знания в цифру. Это удалось благодаря Strategy Partners и Digital Design (аккредитованному партнёру Сбера по цифровой трансформации).
Этапы реализации.
На первом этапе был разработан основной каркас системы с визуальной оболочкой для заполнения базы данными.
На втором — аналитический модуль для подготовки отчётов и контроля KPI.
Результаты.
Благодаря внедрённому решению в ближайшие три года планируется сэкономить 30% затрат на световое оборудование. А также увеличить урожайность за счёт отслеживания, своевременной замены и контроля процента негорящих световых точек.
Следующие шаги.
В разработанном решении будет появляться новый функционал для управления другими процессами в теплицах.
Также в планах компании создавать отраслевые сервисы для автоматизации тепличных хозяйств. Ожидается, что они выведут эффекты от цифровых решений из разряда «неопределённости» в категорию инвестиционных проектов с подтверждённым NPV (net present value, чистая приведённая стоимость).""";Выборжец;Strategy Partners и Digital Design;
Время — деньги: как «Ягоды Карелии» оптимизировали работу с сезонными сотрудниками;АПК;"""«Ягоды Карелии» — один из лидеров рынка сбора, переработки и продажи дикорастущих ягод и грибов в России. В сезон на компанию работают 10 000 человек. Какие решения помогли предприятию оптимизировать закупки ягод у сборщиков во время повышенных нагрузок?
Проблема.
У компании более 400 пунктов для приёма ягод. В сезон предприятие ежедневно отправляло приёмщикам деньги. Приёмщики их обналичивали и закупали ягоды у сборщиков. Этот процесс необходимо было оптимизировать.
Отсутствовал механизм для контроля за тем, как приёмщики ягод расходуют бюджет, выделенный на оплату работы привлечённых сотрудников; не было понятно, всё ли доходит до сборщиков.
Много однотипных рутинных операций отнимали массу времени: документооборот, письма, звонки, координация сезонных работников (местоположение, общежитие, авто и т. п.).
Решение.
Оцифровать бизнес-процесс по сбору ягод и переместить его в приложение.
Подключить безналичные средства оплаты. Для этого создали сквозной процесс закупки дикоросов от счёта компании до физического лица сборщика.
Технологии.
Разработкой приложения и интеграцией платёжных сервисов Сбера занимается СберКорус.
Этапы работы.
В третьем квартале 2022 года запущено мобильное приложение, в котором
объединены все участники процесса: сборщики ягод, приёмщики, менеджеры;
оцифрована инфраструктура — от склада и общежития до авто;
подключена система платежей с расчётного счета компании (через бизнес-карты) напрямую на счета сборщиков.
Результаты.
Прямая безналичная оплата сборщикам позволила создать прозрачный сквозной процесс финансирования закупки дикоросов — компания может контролировать целевое использование выделенных средств.
На 10—15% снизилась себестоимость закупки.
Оцифровка процесса исключила ручной сбор информации, данные по всем пунктам приёма и бизнес-процессу доступны онлайн.
В третьем квартале через приложение прошло 40 000 транзакций.
Следующие шаги.
Готовится приложение для дистрибуции по SaaS-модели. Оно позволит компании выйти в другие регионы и масштабировать бизнес. «Ягоды Карелии» станут не только продвинутым переработчиком дикоросов, но и ИТ-компанией, предлагающей софт другим участникам рынка.""";Ягоды Карелии;;СберКорус
Экосистема мигранта. Как увеличить спектр предоставляемых услуг и число клиентов без расширения штата;;"""«Миграционный центр» — санкт-петербургская коммерческая компания, оказывает услуги по подготовке документов для получения трудового патента. Ежегодно обслуживает более 260 000 иностранных граждан. Какие цифровые решения помогли организации развить бизнес?
Проблема.
Трудовые патенты оформляются на один год. Аналитика компании показала: ежегодно более 50% иностранных граждан делают это в первый раз, иными словами, половина мигрантов не возвращается повторно в «Миграционный центр» на следующий год.
Кроме того, сотни тысяч приезжих получают у сторонних поставщиков другие услуги: пользуются жильём и банковскими сервисами, оформляют страховки, ищут работу, покупают билеты.
50% мигрантов оформляли патент в первый раз «Миграционному центру» предстояло ответы на вопросы:
Как вернуть иностранного гражданина на повторное оформление патента через год?
Как развить сервис так, чтобы мигрант мог все услуги получить в одном месте?
Как при росте числа клиентов увеличить проходимость «Миграционного центра» без аренды ещё одного офиса и найма дополнительного персонала?
Решение.
Разработка мобильного приложения для мигранта. Оно закрывает все его потребности — от записи на оформление документов и медосмотра до уплаты налогов, жилья и авиабилетов.
Благодаря этому решению «Миграционный центр» возвращает клиентов;
переводит взаимодействие в онлайн;
зарабатывает на всех типах услуг.
Технологии.
Разработкой приложения и интеграцией платёжных сервисов Сбера занимается аккредитованный партнёр — компания «Интерфорум».
Этапы внедрения.
В третьем квартале 2022 года запущено в релиз полнофункциональное приложение, завершены интеграции и настроено онлайн-взаимодействие между Сбером и «Миграционным центром».
Результаты.
Иностранные граждане получили экосистему мигранта со всеми необходимыми услугами и сервисами. За сентябрь 2022 года количество активных пользователей выросло до 12 000.
В приложении они ищут работу, получают push-уведомления о необходимости оплаты НДФЛ и продления патента. Также иностранные граждане могут обслуживаться в «Миграционном центре» без очереди. Для этого достаточно записаться через мобильное приложение.
При этом компания увеличила проходимость миграционного центра за счёт предварительной записи и оплаты стоимости оформления документов иностранными гражданами через мобильное приложение.
Следующие шаги.
Экосистема мигранта будет наполняться новыми сервисами и совершенствоваться.
Разрабатывается концепция, как подключить к решению другие миграционные центры.
Идёт работа над созданием новых сервисов Сбера, которые могут дополнить приложение.
Так, в ближайшее время появится заказ карты Сбера из мобильного приложения. Это позволит иностранному гражданину оформить карту, пока он ещё будет за границей, и забрать её по прибытии в Россию.""";«Миграционный центр»;«Интерфорум»;
«Умная» цена. Как технологии помогли девелоперу «Ин-Групп» заработать дополнительно 68 млн рублей;Недвижимость;"""Группа компаний «Ин-Групп» — тульский девелопер, специализируется на многоквартирных жилых домах, один из лидеров по объёму ввода жилья и текущего строительства в своём регионе. Рассказываем, как технологии помогли компании оптимизировать ценообразование и увеличить выручку.
Проблема.
Пока спрос на рынке недвижимости был высоким, девелопер не использовал гибкий подход к ценообразованию.
Мы не всегда выделяли высоколиквидные квартиры. Не следили за вымываемостью. Прежний уровень спроса позволял в начале реализовать высоколиквидные квартиры, в конце выйти с менее ликвидными и всё равно их продать по более высокой стоимости в связи с большой степенью строительной готовности объекта. Сейчас такой подход не пройдёт, потому что уровень спроса снижен. Покупатели уже более детально рассматривают все предложения.
Александр Сергеев, руководитель направления региональных продаж «Ин-Групп»
Руководство компании поняло, что необходимо оптимизировать ценообразование: продавать более и менее ликвидные квартиры равномерно и повышать среднюю цену.
Для этого требовался специализированный инструмент.
Решение.
В рамках сотрудничества со Strategy Partners компания подключила сервис динамического ценообразования квартир «Динамика» на срок 1 год.
Решение автоматически выполняет следующие операции:
отслеживает выполнение плана продаж в разрезе более 30 параметров;
собирает данные о предложении конкурентов — динамику цен, объём и состав выставленного на продажу ассортимента;
рассчитывает рекомендованную цену квартиры.
Команда «Динамики» помогает девелоперу в работе с автоматизированными инструментами и осуществляет аналитическое сопровождение проекта.
Технологии.
В основе решения:
комплекс настраиваемых алгоритмов для управления ценами;
машинное обучение.
Сервис предоставляется по модели SaaS, данные обрабатываются в облаке.
Ежедневно «Динамика» мониторит спрос на квартиры клиента, готовит и отправляет ему краткий отчёт.
Если есть предпосылки для корректировки цен, оперативно рассчитывает рекомендации с учётом изменений.
Информация о ходе продаж девелопера передаётся в сервис из CRM-системы. Это позволяет отслеживать ситуацию и реагировать в режиме реального времени.
Этапы внедрения.
Первичный анализ и настройка системы занимают около 2—3 недель.
За это время менеджеры сервиса «Динамика»:
собирают данные и параметры компании, вносят их в систему;
настраивают модель для динамического расчета цен и автоматический обмен данными с CRM-системой;
анализируют конкурентов и делают первичный расчёт.
После подписания договора компания получает доступ к личному кабинету. Система готова к работе.
Результаты.
Дополнительная выручка «Ин-Групп» за время работы с сервисом «Динамика» составила 68 млн рублей. Этот эффект получен за счёт оперативного выявления и корректировки стоимости недооценённых квартир и рассчитан только по уже проданным помещениям.
После продажи оставшихся свободных квартир девелопера дополнительная выручка увеличится в потенциале более чем в 2 раза — следует из уже осуществленных корректировок цен, рассчитанных системой «Динамика» и принятых клиентом.
Квартиры продаются равномерно в разрезе параметров и согласно плану. Высоколиквидные предложения больше не разбираются на старте продаж.
«Для меня, для людей, с которыми я работаю, ушла часть головной боли. Последние 3—4 месяца мы уже особо не вникаем в работу „Динамики“. Мы только получаем рекомендации, согласовываем и сразу вносим новые цены. За всё время работы с „Динамикой“ не принял рекомендованные цены максимум один-два раза. Работу оцениваем положительно. Будем продолжать сотрудничество», — комментирует Александр Сергеев, руководитель направления региональных продаж «Ин-Групп».
Следующие шаги.
Ещё до окончания действия первичной подписки на сервис «Динамика» девелопер продлил её на новый срок. К расчёту цен добавлены объекты клиента в других регионах.""";ГК «Ин-Групп»;Strategy Partners ;
Цифровой скачок: как технологии подготовили компанию «УГМК-Застройщик» к масштабированию бизнеса;Недвижимость;"""«УГМК-Застройщик» — один из крупнейших девелоперов Урала. Специализируется на жилищном и коммерческом строительстве, эксплуатации готовых объектов. Компания продолжает расти: в течение следующих 10 лет объём обслуживаемых площадей должен увеличиться в 5 раз. Рассказываем, как цифровая трансформация подготовила управляющую компанию девелопера к масштабированию.
Проблема.
Основные вызовы:
потребность в комплексной стратегии по внедрению современных технологий;
необходимость совершенствования ИТ-ландшафта.
Решение.
Для управляющей компании (УК) разработана пятилетняя стратегия развития и цифровой трансформации.
Переведены в «цифру» сервисы отдела продаж и бэк-офиса.
На протяжении всего клиентского пути появились новые технологичные решения.
Технологии.
В основе решения лежит комплекс продуктов Сбера и партнёрских каналов.
Компания Strategy Partners провела аудит УК, разработала стратегию развития и цифровой трансформации бизнеса.
СберПрайм помог предоставить комплименты новым резидентам.
Таргетированная реклама от Segmento легла в основу продвижения.
Внедрены цифровые финансовые сервисы — интернет-эквайринг, SberPay, оплата по QR.
Партнёр Macro кастомизировал CRM для отдела продаж.
Производится пусконаладка платформы MacroBank — системы обмена информацией по проектному финансированию между застройщиком и Сбербанком.
Начат первый этап внедрения системы AI-видеоаналитики для повышения уровня безопасности жителей.
Этапы реализации.
Первый — разработка и принятие стратегии развития управляющей компании. Основная сложность для девелопера на этом этапе — осознать, что изменения необходимы. Причём менять нужно было многое — от организационной структуры до бизнес-модели. Профессиональный консалтинг Strategy Partners помог компании адаптировать и принять подходящую стратегию развития на следующие 5 лет.
На втором этапе разработчики сфокусировались на «быстрых победах» (quick wins) — внедрении проверенных решений, которые позволили быстро закрыть проблемные зоны.
На третьем проходила работа с более трудоёмкими направлениями. Например, доработка CRM. Также на этом этапе устранили одну из главных «болей» девелопера: упростили процессы взаимодействия с основным финансовым институтом застройщика — Сбербанком.
На четвёртом этапе запланирована глубокая автоматизация сервисов эксплуатации и безопасности.
Результаты.
У девелопера появилась актуальная стратегия развития направления «Управляющая компания». Технологии помогут компании справиться с растущим объёмом работы без расширения штата.
Ускорилось согласование со Сбером. Обмен проектной документацией и процесс принятий решений между сторонами стал быстрее. Раньше на это уходило несколько недель, теперь показатель постепенно приближается к целевому ориентиру в один день.
Следующие шаги.
В планах девелопера запустить партнёрскую программу — пакетное предложение от Сбера для арендаторов коммерческой недвижимости.
В перспективе на ближайший год:
Развитие и тиражирование технологий видеоменеджмента;
интеграция системы «Инновационный ЖК» и цифрового решения по управлению эксплуатацией зданий (ЕДЦ);
создание операционной модели девелопера на 2023—2027 годы.""";«УГМК-Застройщик»;Strategy Partners;
IT-замещение в HoReCa. Как сеть отелей «Яхонты» перешла на отечественную систему управления инфраструктурой;Туризм;"""«Яхонты» работают на туристическом рынке 15 лет. В сеть входят три загородных комплекса в Московской области. Помимо номеров, в каждом отеле есть спа-центры, рестораны, бары, мини-зоопарки, детские клубы и конгресс-холлы. Большая инфраструктура, которой удобно управлять централизованно — с помощью цифровых сервисов. В 2022 году компания решила заменить разработки зарубежного вендора на российское ПО. Рассказываем, как «Корус» ей в этом помог.
Проблема.
Нужно было заменить иностранное программное обеспечение российским аналогом.
Задачи:
Перейти с облачного хранения информации на локальные серверы;
Снизить операционные расходы компании;
Повысить отказоустойчивость программно-аппаратной части.
Решение.
Проект представляет собой экосистему ПО. Цифровые сервисы сопровождают постояльца на всех этапах взаимодействия с компанией: от выбора и бронирования номера до использования услуг на территории «Яхонтов». Для отеля это удобная система управления помещениями, ресторанами, барами и остальной инфраструктурой.
Основные решения от «Коруса»:
Автоматизация взаимодействия гостя с ресторанами — кассовые аппараты заведений при отеле «различают» клиентов и номера, в которых они остановились;
Оптимизация управления номерным фондом — разработчики предоставили IT-систему для заселения и выселения гостей, бронирования и оплаты;
Внедрение CRM — сотрудники «Яхонтов» могут вносить информацию о клиенте в базу данных компании и использовать её в дальнейшем;
Предоставление услуг отеля на всей территории — гости могут записать счета на свой номер.
Технологии.
Программные модули «1С».
Интеграция решений с помощью специалистов «Коруса».
Лицензии Iiko и R-keeper — поставщик кассового ПО.
Этапы реализации.
Описание бизнес-требований проекта.
Построение архитектуры решения.
Согласование и доработки коммерческого предложения.
Составление дорожной карты проекта.
Аудит процессов — заполнение информационных справочников и баз данных.
Внедрение ПО на серверах заказчика.
Интеграция со сторонними системами.
Обучение сотрудников.
Результаты.
Сеть отелей «Яхонты» получила удобные и отказоустойчивые сервисы на базе российского ПО.
Преимущества:
экономия до 800 000 рублей в месяц — на ежемесячных платежах иностранному вендору;
постоянная техническая поддержка;
возможность доработки сервисов.
Следующие шаги.
Компания планирует расширить функциональность решения:
разработать программу лояльности;
доработать сайт и мобильное приложение.""";«Яхонты»;Корус;
Умный голос. Как автоматизация кол-центра помогла «Уфанет» сэкономить более 12,5 млн рублей;Телеком;"""Телекоммуникационный оператор «Уфанет» сейчас работает в семи регионах России — это свыше 350 населённых пунктов на карте страны и свыше 900 тысяч абонентов.
От них кол-центр «Уфанет» ежемесячно принимает сотни тысяч обращений. Как технологии помогают компании справляться с этой нагрузкой?
Проблема.
В кол-центр «Уфанет» ежемесячно поступает более 250 000 звонков. Темы разные: от проверки остатка средств на счёте до вызова на дом сервис-инженера.
В пиковые моменты нагрузка на операторов увеличивается в разы.
Провайдер расширяет географию присутствия.
Это значит, для обработки звонков и сообщений в чатах необходимо постоянно увеличивать штат специалистов «первой линии».
Решение.
Компания решила оптимизировать работу кол-центра — разработала голосового помощника «Роботел», который умеет анализировать речь.
Он помогает обрабатывать звонки без участия живого сотрудника и связывает все производимые действия с CRM-системой «Уфанет».
Сейчас «Роботел» помогает абонентам провайдера, не дожидаясь ответа оператора:
узнать номер договора;
уточнить текущий баланс;
подключить «Кредит доверия» — если на счёте закончились деньги, а возможности оплатить услуги нет;
убедиться, что деньги поступили на счёт, если оплата уже была внесена;
вспомнить, на какую дату и время назначен приезд на дом сервис-инженера компании;
оповестить об аварийной ситуации на сети, если по адресу абонента что-то временно не работает.
Абонент общается с роботом голосом — это удобнее и современнее, чем цифровое меню на клавиатуре. Виртуальный оператор «понимает», что говорит собеседник, и выдаёт релевантный ответ. Если «Роботел» не сможет найти исчерпывающее решение, то переведёт звонок на сотрудника кол-центра.
Все разговоры записываются и переводятся из аудио в текст. Руководителям кол-центра больше не приходится прослушивать записи для контроля качества обслуживания. Достаточно открыть личный кабинет и прочитать их расшифровку.
Также в «Роботел» можно установить режим уведомлений. Тогда при появлении в разговоре ключевого слова или фразы приходит сообщение в Telegram. Например, это могут быть «хочу купить…» или «соедините с руководством».
Технологии.
В основе решения — программа с функцией аналитики речи.
Перевод аудио в текст — для последующего анализа.
Синхронизация с CRM и мессенджерами.
Этапы реализации.
Проект стартовал в сентябре 2021 года.
На первом этапе «Роботел» отрабатывал спам-звонки. Живой оператор тратит на них время, пока на линии ожидают решения своего вопроса абоненты компании. А для робота «отбить» спамеров и телефонных мошенников не вызывает сложности.
На следующем этапе «Роботел» научился консультировать клиентов.
Результаты.
В августе 2022 года «Роботел» принял более 93 000 звонков — почти треть (31,3%) всех обращений в кол-центр за этот месяц. Это пропорционально рабочему времени примерно 88 специалистов.
С начала года, по подсчётам «Уфанет», решение уже помогло компании сэкономить более 12,5 млн рублей.
Следующие шаги.
Список типовых вопросов абонентов, где участие живого оператора может не требоваться, пополняется ежемесячно. Их сбором и анализом занимается отдельная проектная команда. Это значит, что функциональность робота будет расширяться.
«Уфанет» предлагает своё решение другим компаниям.
«Некоторые с его помощью собирают показания счётчиков, другие получают обратную связь по доставке или оказанным услугам, третьи обзванивают базу клиентов, рассказывая про новинки и акции. Кейсов много, все они помогают постоянно улучшать продукт», — заявляет руководитель направления продаж B2B Артём Смидюк.""";Уфанет;Роботел;
Цифровая управляющая компания: как технологии помогли застройщику «Горстрой» занять новую нишу;Недвижимость;"""«ГорСтрой» — иркутская компания с 15-летним опытом работы в сфере жилищного строительства. В прошлом году предприятие решило открыть новое направление — создать собственную цифровую управляющую компанию. Рассказываем, как технологии и сервисы ей в этом помогли.
Проблема.
Требования рынка и запросы целевой аудитории меняются.
Покупатель хочет получить не «квадратные метры», а комплексный продукт, чтобы застройщик был гарантом качества и нёс ответственность за проект после его ввода в эксплуатацию.
Это сложно проконтролировать, если передавать функции управляющей компании (УК) сторонней организации, которая работает по своим стандартам качества или вовсе без них.
Решение.
Создание собственной цифровизированной управляющей компании на базе платформы Doma.ai.
Технологии.
Базовая функциональность Doma.ai включает:
CRM-систему;
мобильное приложение исполнителя заявок — техника;
мобильное приложение жителя.
Также были внедрены дополнительные модули:
цифровая диспетчерская служба с круглосуточной поддержкой пользователей;
модуль для работы с должниками;
страхование домов;
проведение собрания собственников.
Этапы внедрения.
Проект стартовал в 2021 году. Пилотным объектом для передачи управления в собственную УК стал жилой комплекс «Скандинавия» в Иркутске. Первая очередь этого ЖК уже введена в эксплуатацию, вторая ещё строится, старт третьей запланирован на 2023 год.
В течение прошлого года к обслуживанию с помощью платформы Doma.ai было подключено более 300 квартир, в планах на 2022 год — удвоить их количество.
Результаты.
РезультатыЦифровизация УК:
снизила постоянные расходы компании до 50%;
помогла улучшить качество услуг;
повысила лояльность собственников жилья.
До 50% снизились постоянные расходы компании
Узнайте, с чего начать цифровую трансформацию своего бизнеса, и получите рекомендации от экспертов Сбера. Подробнее — здесь.
Следующие шаги.
В мобильном приложении жителя появится маркетплейс сопутствующих услуг. Например, груминг и выгул собак, дизайн квартиры или приобретение авторской мебели.
Кроме того, удачный опыт внедрения решения для УК подтолкнул руководство «ГорСтроя» к старту комплексной цифровой трансформации основного бизнеса.
Следующим этапом компания видит внедрение на предприятии ERP-системы, которая позволит более эффективно управлять производством, расходами, взаимодействием с поставщиками и персоналом.""";«ГорСтрой»;Doma.ai;
Цифровое импортозамещение. Как девелопер «Брусника» перевёл часть бизнес-процессов в облака;Недвижимость;"""«Брусника» на рынке с 2004 года, строит жилые многоэтажные дома. Компания работает в крупных городах Урала и Сибири, в Москве и Московской области. Выводит на рынок по 6000 новых квартир в год. Девелопер приступил к цифровой трансформации бизнеса. Рассказываем, какова роль облачных технологий в этом процессе.
Проблема.
Нужно было заменить иностранное программное обеспечение на российский аналог.
Перевести инфраструктуру в облака.
Оптимизировать CAPEX.
Подготовить систему к масштабированию.
Решение.
Компания изучила российский рынок облачных продуктов, протестировала несколько решений и выбрала Cloud.
Что было сделано:
Организована среда разработки и тестирования в сервисах Cloud;
Обработка и анализ данных теперь проходит на 135 арендуемых виртуальных машинах;
Для хранения информации используется высокопроизводительное и надёжное решение в размере 30 ТБ данных.
Технологии.
Ключевая технология — облачная инфраструктура.
Михаил Богданов, ИТ-директор «Брусники»:
Главные преимущества облаков — возможность быстрого масштабирования, предсказуемость затрат и высокая безопасность. «Брусника» на протяжении многих лет строила ИТ-инфраструктуру на базе IaaS-решений. В этом году мы решили привлечь нового поставщика услуг. У нас есть уверенность, что Cloud предоставят сервис, позволяющий обеспечить непрерывность наших процессов.
Этапы проекта.
Стратегический диалог «Брусники» с представителями Cloud, который включал презентацию возможностей решений компании.
Формирование запроса девелопера, в том числе потребность в виртуальных машинах.
Тестирование сервисов.
Миграция в Cloud.
Срок реализации проекта — 3 месяца.
Результаты.
Облачное решение на 30% выгоднее, чем владение собственной инфраструктурой хранения данных.
Сервисы надёжно защищены с помощью профильных систем AntiDDoS и WAF.
Высокая отказоустойчивость ИТ-инфраструктуры и сервисов — SLA (англ. Service Level Agreement — соглашение об уровне сервиса) компании Cloud составляет 99,98%.
Следующие шаги.
Интеграция продуктов Bi.ZONE для повышения устойчивости бизнеса к кибератакам и обеспечения защиты передачи данных между филиалами девелопера.""";Брусника;Cloud;
Сфокусироваться на главном: как «Дочки-Сыночки» с помощью цифровизации меняли бизнес-модель;Торговля;"""Сеть супермаркетов детских товаров «Дочки-Сыночки» на рынке с 1996 года. Занимает одну из лидирующих позиций, в её составе более 200 магазинов в 84 городах РФ, а среднемесячное количество покупателей доходит до 5 млн человек. Важная особенность — две трети ассортимента составляют товары собственных торговых марок.
Компания решила провести цифровую трансформацию бизнеса, чтобы перестроить систему продаж. Какие технологии помогли в этом и к каким результатам привели?
Проблема.
Развитие маркетплейсов и онлайн-торговли в целом значительно увеличили число конкурентов в интернете.
Часть розничной сети перестала приносить прибыль.
Решение.
Преобразование бизнес-модели с использованием современных цифровых технологий.
Приоритизация регионов развития розничной сети.
Повышение осведомлённости клиентов об онлайн-платформах сети, привлечение новых покупателей.
Расширение каналов сбыта продукции.
Поиск b2b-клиентов для увеличения продуктового предложения.
Технологии.
В основе решения лежит комплекс продуктов Сбера.
С помощью сервиса СберАналитика проанализировали целевые сегменты рынка, составили портрет покупателя и подобрали b2b-клиентов.
Подключили компанию к маркетплейсу СберМегаМаркет.
Провели рекламную кампанию в интернете с помощью сервиса Segmento.
Подключили решение «Плати QR».
Результаты.
Выделены приоритетные регионы развития розничной сети.
Составлены планы закрытия неэффективных магазинов.
Увеличена доля продаж через онлайн-каналы.
Рост количества сделок в b2b-сегменте.
Следующие шаги.
Внедрение b2b-CRM-системы для сотрудников отдела продаж.
Разработка модели предиктивной аналитики спроса.
Интеграция платёжных сервисов Сбера.""";Дочки-Сыночки;Несколько решений;
Цифровой АПК: как группа компаний «Сигма» автоматизировала продажи;АПК;"""«Сигма» производит и продаёт растительные масла с 1991 года. Это крупнейший в Уральском округе агропромышленный комплекс. В 2021 году компания трансформировала часть бизнес-процессов. Что легло в основу цифровизации и к каким результатам привело?
Проблемы.
Связанные с продажами:
дизайн сайта устарел;
большие затраты на разбор и котировку заявок по поставкам сырья.
Организационные:
вход на предприятие по пропускам, что занимало много времени и требовало дополнительного штата охранников.
Решение.
Запуск нового сайта.
Оптимизация и ускорение обработки входящих предложений по закупке сырья.
А также автоматизация контроля на пропускном пункте.
Технологии.
ПО для бухгалтерии — 1С.
Для отдела продаж, маркетинга и юридических процессов — самописная CRM.
Система «Контур» для ведения электронного документооборота и подписания документов.
Результаты.
Разработан новый сайт.
Выстроен процесс оценки входящих заявок по поставкам сырья.
Сокращены расходы на содержание штата в отделе закупок в трёх регионах РФ.""";Сигма;;